{
    "acceleration": 0.0, 
    "vehicles": [], 
    "speed": 0.0, 
    "location": [
        -90.42935943603516, 
        99.15982818603516
    ], 
    "height": 0.3695686161518097
}