{
    "acceleration": 0.0, 
    "vehicles": [
        [
            6.033992504956034, 
            "Harley-Davidson Low R\u2026"
        ], 
        [
            12.996579120862847, 
            "Audi Tt"
        ], 
        [
            18.790256021430057, 
            "Kawasaki Ninja"
        ], 
        [
            25.982050384837482, 
            "Chevrolet Impala"
        ], 
        [
            33.355536449947735, 
            "Seat Leon"
        ], 
        [
            39.240747800260365, 
            "Kawasaki Ninja"
        ], 
        [
            46.03910469887316, 
            "Audi Tt"
        ], 
        [
            53.31382733297617, 
            "Dodge Charger Police"
        ], 
        [
            58.09337593992327, 
            "Nissan Patrol"
        ], 
        [
            65.69057474779977, 
            "Chevrolet Impala"
        ], 
        [
            75.63584662044556, 
            "Mercedes-Benz Coupe"
        ], 
        [
            118.0510402370031, 
            "Audi A2"
        ], 
        [
            120.55677742127551, 
            "Mini Cooperst"
        ], 
        [
            132.87942667032692, 
            "Mini Cooperst"
        ], 
        [
            139.62832073172794, 
            "Nissan Micra"
        ], 
        [
            145.33914972320164, 
            "Citroen C3"
        ], 
        [
            183.69661978945038, 
            "Carlamotors Carlacola"
        ]
    ], 
    "speed": 0.0, 
    "location": [
        24.198604583740234, 
        204.6218719482422
    ], 
    "height": 0.005987319629639387
}